monster_function_laba拉霸功能怪表格,,,,,
int|key,int|key,int,str,str|useless,int
,,,"[]","[]",
laba_type,id,reward_per,reward_item_list,xiuzheng_weights_list,notice_id
"拉霸类型","结果id","奖励倍率（万分比）","固定奖励内容[物品id,物品数量]","修正权重[80%期望权重,120%期望权重]","广播id"
1,1,3000000,"[]","[5,5]",
1,2,1000000,"[]","[80,80]",
1,3,1000000,"[]","[80,80]",
1,4,1000000,"[]","[80,80]",
1,5,1000000,"[]","[80,80]",
1,6,1000000,"[]","[80,80]",
1,7,1000000,"[]","[80,80]",
1,8,800000,"[]","[80,80]",
1,9,200000,"[]","[1,1]",
1,10,200000,"[]","[1,1]",
1,11,200000,"[]","[1,1]",
1,12,200000,"[]","[1,1]",
1,13,1000000,"[]","[80,80]",
1,14,200000,"[]","[1,1]",
1,15,600000,"[]","[60,60]",
1,16,200000,"[]","[1,1]",
1,17,200000,"[]","[1,1]",
1,18,200000,"[]","[1,1]",
1,19,1000000,"[]","[80,80]",
1,20,200000,"[]","[1,1]",
1,21,200000,"[]","[1,1]",
1,22,500000,"[]","[60,60]",
1,23,200000,"[]","[1,1]",
1,24,200000,"[]","[1,1]",
1,25,1000000,"[]","[80,80]",
1,26,200000,"[]","[1,1]",
1,27,200000,"[]","[1,1]",
1,28,200000,"[]","[1,1]",
1,29,400000,"[]","[60,60]",
1,30,200000,"[]","[1,1]",
1,31,1000000,"[]","[80,80]",
1,32,200000,"[]","[1,1]",
1,33,200000,"[]","[1,1]",
1,34,200000,"[]","[1,1]",
1,35,200000,"[]","[1,1]",
1,36,300000,"[]","[40,40]",
1,37,1000000,"[]","[80,80]",
1,38,800000,"[]","[80,80]",
1,39,200000,"[]","[1,1]",
1,40,200000,"[]","[1,1]",
1,41,200000,"[]","[1,1]",
1,42,200000,"[]","[1,1]",
1,43,800000,"[]","[80,80]",
1,44,2500000,"[]","[20,20]",
1,45,800000,"[]","[80,80]",
1,46,800000,"[]","[80,80]",
1,47,800000,"[]","[80,80]",
1,48,800000,"[]","[80,80]",
1,49,200000,"[]","[1,1]",
1,50,800000,"[]","[80,80]",
1,51,600000,"[]","[60,60]",
1,52,200000,"[]","[1,1]",
1,53,200000,"[]","[1,1]",
1,54,200000,"[]","[1,1]",
1,55,200000,"[]","[1,1]",
1,56,800000,"[]","[80,80]",
1,57,200000,"[]","[1,1]",
1,58,500000,"[]","[60,60]",
1,59,200000,"[]","[1,1]",
1,60,200000,"[]","[1,1]",
1,61,200000,"[]","[1,1]",
1,62,800000,"[]","[80,80]",
1,63,200000,"[]","[1,1]",
1,64,200000,"[]","[1,1]",
1,65,400000,"[]","[60,60]",
1,66,200000,"[]","[1,1]",
1,67,200000,"[]","[1,1]",
1,68,800000,"[]","[80,80]",
1,69,200000,"[]","[1,1]",
1,70,200000,"[]","[1,1]",
1,71,200000,"[]","[1,1]",
1,72,300000,"[]","[40,40]",
1,73,1000000,"[]","[80,80]",
1,74,200000,"[]","[1,1]",
1,75,600000,"[]","[60,60]",
1,76,200000,"[]","[1,1]",
1,77,200000,"[]","[1,1]",
1,78,200000,"[]","[1,1]",
1,79,200000,"[]","[1,1]",
1,80,800000,"[]","[80,80]",
1,81,600000,"[]","[60,60]",
1,82,200000,"[]","[1,1]",
1,83,200000,"[]","[1,1]",
1,84,200000,"[]","[1,1]",
1,85,600000,"[]","[60,60]",
1,86,600000,"[]","[60,60]",
1,87,2000000,"[]","[100,100]",
1,88,600000,"[]","[60,60]",
1,89,600000,"[]","[60,60]",
1,90,600000,"[]","[60,60]",
1,91,200000,"[]","[1,1]",
1,92,200000,"[]","[1,1]",
1,93,600000,"[]","[60,60]",
1,94,500000,"[]","[60,60]",
1,95,200000,"[]","[1,1]",
1,96,200000,"[]","[1,1]",
1,97,200000,"[]","[1,1]",
1,98,200000,"[]","[1,1]",
1,99,600000,"[]","[60,60]",
1,100,200000,"[]","[1,1]",
1,101,400000,"[]","[60,60]",
1,102,200000,"[]","[1,1]",
1,103,200000,"[]","[1,1]",
1,104,200000,"[]","[1,1]",
1,105,600000,"[]","[60,60]",
1,106,200000,"[]","[1,1]",
1,107,200000,"[]","[1,1]",
1,108,300000,"[]","[40,40]",
1,109,1000000,"[]","[80,80]",
1,110,200000,"[]","[1,1]",
1,111,200000,"[]","[1,1]",
1,112,500000,"[]","[60,60]",
1,113,200000,"[]","[1,1]",
1,114,200000,"[]","[1,1]",
1,115,200000,"[]","[1,1]",
1,116,800000,"[]","[80,80]",
1,117,200000,"[]","[1,1]",
1,118,500000,"[]","[60,60]",
1,119,200000,"[]","[1,1]",
1,120,200000,"[]","[1,1]",
1,121,200000,"[]","[1,1]",
1,122,200000,"[]","[1,1]",
1,123,600000,"[]","[60,60]",
1,124,500000,"[]","[60,60]",
1,125,200000,"[]","[1,1]",
1,126,200000,"[]","[1,1]",
1,127,500000,"[]","[60,60]",
1,128,500000,"[]","[60,60]",
1,129,500000,"[]","[60,60]",
1,130,1800000,"[]","[500,500]",
1,131,500000,"[]","[60,60]",
1,132,500000,"[]","[60,60]",
1,133,200000,"[]","[1,1]",
1,134,200000,"[]","[1,1]",
1,135,200000,"[]","[1,1]",
1,136,500000,"[]","[60,60]",
1,137,400000,"[]","[60,60]",
1,138,200000,"[]","[1,1]",
1,139,200000,"[]","[1,1]",
1,140,200000,"[]","[1,1]",
1,141,200000,"[]","[1,1]",
1,142,500000,"[]","[60,60]",
1,143,200000,"[]","[1,1]",
1,144,300000,"[]","[40,40]",
1,145,1000000,"[]","[80,80]",
1,146,200000,"[]","[1,1]",
1,147,200000,"[]","[1,1]",
1,148,200000,"[]","[1,1]",
1,149,400000,"[]","[60,60]",
1,150,200000,"[]","[1,1]",
1,151,200000,"[]","[1,1]",
1,152,800000,"[]","[80,80]",
1,153,200000,"[]","[1,1]",
1,154,200000,"[]","[1,1]",
1,155,400000,"[]","[60,60]",
1,156,200000,"[]","[1,1]",
1,157,200000,"[]","[1,1]",
1,158,200000,"[]","[1,1]",
1,159,600000,"[]","[60,60]",
1,160,200000,"[]","[1,1]",
1,161,400000,"[]","[60,60]",
1,162,200000,"[]","[1,1]",
1,163,200000,"[]","[1,1]",
1,164,200000,"[]","[1,1]",
1,165,200000,"[]","[1,1]",
1,166,500000,"[]","[60,60]",
1,167,400000,"[]","[60,60]",
1,168,200000,"[]","[1,1]",
1,169,400000,"[]","[60,60]",
1,170,400000,"[]","[60,60]",
1,171,400000,"[]","[60,60]",
1,172,400000,"[]","[60,60]",
1,173,1600000,"[]","[1300,1300]",
1,174,400000,"[]","[60,60]",
1,175,200000,"[]","[1,1]",
1,176,200000,"[]","[1,1]",
1,177,200000,"[]","[1,1]",
1,178,200000,"[]","[1,1]",
1,179,400000,"[]","[60,60]",
1,180,300000,"[]","[40,40]",
1,181,1000000,"[]","[80,80]",
1,182,200000,"[]","[1,1]",
1,183,200000,"[]","[1,1]",
1,184,200000,"[]","[1,1]",
1,185,200000,"[]","[1,1]",
1,186,300000,"[]","[40,40]",
1,187,200000,"[]","[1,1]",
1,188,800000,"[]","[80,80]",
1,189,200000,"[]","[1,1]",
1,190,200000,"[]","[1,1]",
1,191,200000,"[]","[1,1]",
1,192,300000,"[]","[40,40]",
1,193,200000,"[]","[1,1]",
1,194,200000,"[]","[1,1]",
1,195,600000,"[]","[60,60]",
1,196,200000,"[]","[1,1]",
1,197,200000,"[]","[1,1]",
1,198,300000,"[]","[40,40]",
1,199,200000,"[]","[1,1]",
1,200,200000,"[]","[1,1]",
1,201,200000,"[]","[1,1]",
1,202,500000,"[]","[60,60]",
1,203,200000,"[]","[1,1]",
1,204,300000,"[]","[40,40]",
1,205,200000,"[]","[1,1]",
1,206,200000,"[]","[1,1]",
1,207,200000,"[]","[1,1]",
1,208,200000,"[]","[1,1]",
1,209,400000,"[]","[60,60]",
1,210,300000,"[]","[40,40]",
1,211,300000,"[]","[40,40]",
1,212,300000,"[]","[40,40]",
1,213,300000,"[]","[40,40]",
1,214,300000,"[]","[40,40]",
1,215,300000,"[]","[40,40]",
1,216,1400000,"[]","[2000,2000]",
2,1,0,"[2,200000]","[0,3]",
2,2,0,"[2,1000]","[300,372]",
2,3,0,"[2,1000]","[300,372]",
2,4,0,"[2,1000]","[300,372]",
2,5,0,"[2,1000]","[300,372]",
2,6,0,"[2,1000]","[300,372]",
2,7,0,"[2,1000]","[300,372]",
2,8,0,"[2,600]","[900,1200]",
2,9,0,"[2,0]","[2130,1425]",
2,10,0,"[2,0]","[2130,1425]",
2,11,0,"[2,0]","[2130,1425]",
2,12,0,"[2,0]","[2130,1425]",
2,13,0,"[2,1000]","[300,372]",
2,14,0,"[2,0]","[2130,1425]",
2,15,0,"[2,500]","[1500,2000]",
2,16,0,"[2,0]","[2130,1425]",
2,17,0,"[2,0]","[2130,1425]",
2,18,0,"[2,0]","[2130,1425]",
2,19,0,"[2,1000]","[300,372]",
2,20,0,"[2,0]","[2130,1425]",
2,21,0,"[2,0]","[2130,1425]",
2,22,0,"[2,400]","[2000,3000]",
2,23,0,"[2,0]","[2130,1425]",
2,24,0,"[2,0]","[2130,1425]",
2,25,0,"[2,1000]","[300,372]",
2,26,0,"[2,0]","[2130,1425]",
2,27,0,"[2,0]","[2130,1425]",
2,28,0,"[2,0]","[2130,1425]",
2,29,0,"[2,300]","[3000,4000]",
2,30,0,"[2,0]","[2130,1425]",
2,31,0,"[2,1000]","[300,372]",
2,32,0,"[2,0]","[2130,1425]",
2,33,0,"[2,0]","[2130,1425]",
2,34,0,"[2,0]","[2130,1425]",
2,35,0,"[2,0]","[2130,1425]",
2,36,0,"[2,200]","[6000,6000]",
2,37,0,"[2,1000]","[300,372]",
2,38,0,"[2,600]","[900,1200]",
2,39,0,"[2,0]","[2130,1425]",
2,40,0,"[2,0]","[2130,1425]",
2,41,0,"[2,0]","[2130,1425]",
2,42,0,"[2,0]","[2130,1425]",
2,43,0,"[2,600]","[900,1200]",
2,44,0,"[2,6000]","[3,300]",
2,45,0,"[2,600]","[900,1200]",
2,46,0,"[2,600]","[900,1200]",
2,47,0,"[2,600]","[900,1200]",
2,48,0,"[2,600]","[900,1200]",
2,49,0,"[2,0]","[2130,1425]",
2,50,0,"[2,600]","[900,1200]",
2,51,0,"[2,500]","[1500,2000]",
2,52,0,"[2,0]","[2130,1425]",
2,53,0,"[2,0]","[2130,1425]",
2,54,0,"[2,0]","[2130,1425]",
2,55,0,"[2,0]","[2130,1425]",
2,56,0,"[2,600]","[900,1200]",
2,57,0,"[2,0]","[2130,1425]",
2,58,0,"[2,400]","[2000,3000]",
2,59,0,"[2,0]","[2130,1425]",
2,60,0,"[2,0]","[2130,1425]",
2,61,0,"[2,0]","[2130,1425]",
2,62,0,"[2,600]","[900,1200]",
2,63,0,"[2,0]","[2130,1425]",
2,64,0,"[2,0]","[2130,1425]",
2,65,0,"[2,300]","[3000,4000]",
2,66,0,"[2,0]","[2130,1425]",
2,67,0,"[2,0]","[2130,1425]",
2,68,0,"[2,600]","[900,1200]",
2,69,0,"[2,0]","[2130,1425]",
2,70,0,"[2,0]","[2130,1425]",
2,71,0,"[2,0]","[2130,1425]",
2,72,0,"[2,200]","[6000,6000]",
2,73,0,"[2,1000]","[300,372]",
2,74,0,"[2,0]","[2130,1425]",
2,75,0,"[2,500]","[1500,2000]",
2,76,0,"[2,0]","[2130,1425]",
2,77,0,"[2,0]","[2130,1425]",
2,78,0,"[2,0]","[2130,1425]",
2,79,0,"[2,0]","[2130,1425]",
2,80,0,"[2,600]","[900,1200]",
2,81,0,"[2,500]","[1500,2000]",
2,82,0,"[2,0]","[2130,1425]",
2,83,0,"[2,0]","[2130,1425]",
2,84,0,"[2,0]","[2130,1425]",
2,85,0,"[2,500]","[1500,2000]",
2,86,0,"[2,500]","[1500,2000]",
2,87,0,"[2,5000]","[3,450]",
2,88,0,"[2,500]","[1500,2000]",
2,89,0,"[2,500]","[1500,2000]",
2,90,0,"[2,500]","[1500,2000]",
2,91,0,"[2,0]","[2130,1425]",
2,92,0,"[2,0]","[2130,1425]",
2,93,0,"[2,500]","[1500,2000]",
2,94,0,"[2,400]","[2000,3000]",
2,95,0,"[2,0]","[2130,1425]",
2,96,0,"[2,0]","[2130,1425]",
2,97,0,"[2,0]","[2130,1425]",
2,98,0,"[2,0]","[2130,1425]",
2,99,0,"[2,500]","[1500,2000]",
2,100,0,"[2,0]","[2130,1425]",
2,101,0,"[2,300]","[3000,4000]",
2,102,0,"[2,0]","[2130,1425]",
2,103,0,"[2,0]","[2130,1425]",
2,104,0,"[2,0]","[2130,1425]",
2,105,0,"[2,500]","[1500,2000]",
2,106,0,"[2,0]","[2130,1425]",
2,107,0,"[2,0]","[2130,1425]",
2,108,0,"[2,200]","[6000,6000]",
2,109,0,"[2,1000]","[300,372]",
2,110,0,"[2,0]","[2130,1425]",
2,111,0,"[2,0]","[2130,1425]",
2,112,0,"[2,400]","[2000,3000]",
2,113,0,"[2,0]","[2130,1425]",
2,114,0,"[2,0]","[2130,1425]",
2,115,0,"[2,0]","[2130,1425]",
2,116,0,"[2,600]","[900,1200]",
2,117,0,"[2,0]","[2130,1425]",
2,118,0,"[2,400]","[2000,3000]",
2,119,0,"[2,0]","[2130,1425]",
2,120,0,"[2,0]","[2130,1425]",
2,121,0,"[2,0]","[2130,1425]",
2,122,0,"[2,0]","[2130,1425]",
2,123,0,"[2,500]","[1500,2000]",
2,124,0,"[2,400]","[2000,3000]",
2,125,0,"[2,0]","[2130,1425]",
2,126,0,"[2,0]","[2130,1425]",
2,127,0,"[2,400]","[2000,3000]",
2,128,0,"[2,400]","[2000,3000]",
2,129,0,"[2,400]","[2000,3000]",
2,130,0,"[2,4000]","[72,600]",
2,131,0,"[2,400]","[2000,3000]",
2,132,0,"[2,400]","[2000,3000]",
2,133,0,"[2,0]","[2130,1425]",
2,134,0,"[2,0]","[2130,1425]",
2,135,0,"[2,0]","[2130,1425]",
2,136,0,"[2,400]","[2000,3000]",
2,137,0,"[2,300]","[3000,4000]",
2,138,0,"[2,0]","[2130,1425]",
2,139,0,"[2,0]","[2130,1425]",
2,140,0,"[2,0]","[2130,1425]",
2,141,0,"[2,0]","[2130,1425]",
2,142,0,"[2,400]","[2000,3000]",
2,143,0,"[2,0]","[2130,1425]",
2,144,0,"[2,200]","[6000,6000]",
2,145,0,"[2,1000]","[300,372]",
2,146,0,"[2,0]","[2130,1425]",
2,147,0,"[2,0]","[2130,1425]",
2,148,0,"[2,0]","[2130,1425]",
2,149,0,"[2,300]","[3000,4000]",
2,150,0,"[2,0]","[2130,1425]",
2,151,0,"[2,0]","[2130,1425]",
2,152,0,"[2,600]","[900,1200]",
2,153,0,"[2,0]","[2130,1425]",
2,154,0,"[2,0]","[2130,1425]",
2,155,0,"[2,300]","[3000,4000]",
2,156,0,"[2,0]","[2130,1425]",
2,157,0,"[2,0]","[2130,1425]",
2,158,0,"[2,0]","[2130,1425]",
2,159,0,"[2,500]","[1500,2000]",
2,160,0,"[2,0]","[2130,1425]",
2,161,0,"[2,300]","[3000,4000]",
2,162,0,"[2,0]","[2130,1425]",
2,163,0,"[2,0]","[2130,1425]",
2,164,0,"[2,0]","[2130,1425]",
2,165,0,"[2,0]","[2130,1425]",
2,166,0,"[2,400]","[2000,3000]",
2,167,0,"[2,300]","[3000,4000]",
2,168,0,"[2,0]","[2130,1425]",
2,169,0,"[2,300]","[3000,4000]",
2,170,0,"[2,300]","[3000,4000]",
2,171,0,"[2,300]","[3000,4000]",
2,172,0,"[2,300]","[3000,4000]",
2,173,0,"[2,3000]","[600,1200]",
2,174,0,"[2,300]","[3000,4000]",
2,175,0,"[2,0]","[2130,1425]",
2,176,0,"[2,0]","[2130,1425]",
2,177,0,"[2,0]","[2130,1425]",
2,178,0,"[2,0]","[2130,1425]",
2,179,0,"[2,300]","[3000,4000]",
2,180,0,"[2,200]","[6000,6000]",
2,181,0,"[2,1000]","[300,372]",
2,182,0,"[2,0]","[2130,1425]",
2,183,0,"[2,0]","[2130,1425]",
2,184,0,"[2,0]","[2130,1425]",
2,185,0,"[2,0]","[2130,1425]",
2,186,0,"[2,200]","[6000,6000]",
2,187,0,"[2,0]","[2130,1425]",
2,188,0,"[2,600]","[900,1200]",
2,189,0,"[2,0]","[2130,1425]",
2,190,0,"[2,0]","[2130,1425]",
2,191,0,"[2,0]","[2130,1425]",
2,192,0,"[2,200]","[6000,6000]",
2,193,0,"[2,0]","[2130,1425]",
2,194,0,"[2,0]","[2130,1425]",
2,195,0,"[2,500]","[1500,2000]",
2,196,0,"[2,0]","[2130,1425]",
2,197,0,"[2,0]","[2130,1425]",
2,198,0,"[2,200]","[6000,6000]",
2,199,0,"[2,0]","[2130,1425]",
2,200,0,"[2,0]","[2130,1425]",
2,201,0,"[2,0]","[2130,1425]",
2,202,0,"[2,400]","[2000,3000]",
2,203,0,"[2,0]","[2130,1425]",
2,204,0,"[2,200]","[6000,6000]",
2,205,0,"[2,0]","[2130,1425]",
2,206,0,"[2,0]","[2130,1425]",
2,207,0,"[2,0]","[2130,1425]",
2,208,0,"[2,0]","[2130,1425]",
2,209,0,"[2,300]","[3000,4000]",
2,210,0,"[2,200]","[6000,6000]",
2,211,0,"[2,200]","[6000,6000]",
2,212,0,"[2,200]","[6000,6000]",
2,213,0,"[2,200]","[6000,6000]",
2,214,0,"[2,200]","[6000,6000]",
2,215,0,"[2,200]","[6000,6000]",
2,216,0,"[2,2000]","[2400,3000]",
3,1,0,"[2,2000000]","[0,3]",
3,2,0,"[2,10000]","[300,372]",
3,3,0,"[2,10000]","[300,372]",
3,4,0,"[2,10000]","[300,372]",
3,5,0,"[2,10000]","[300,372]",
3,6,0,"[2,10000]","[300,372]",
3,7,0,"[2,10000]","[300,372]",
3,8,0,"[2,6000]","[900,1200]",
3,9,0,"[2,0]","[2130,1425]",
3,10,0,"[2,0]","[2130,1425]",
3,11,0,"[2,0]","[2130,1425]",
3,12,0,"[2,0]","[2130,1425]",
3,13,0,"[2,10000]","[300,372]",
3,14,0,"[2,0]","[2130,1425]",
3,15,0,"[2,5000]","[1500,2000]",
3,16,0,"[2,0]","[2130,1425]",
3,17,0,"[2,0]","[2130,1425]",
3,18,0,"[2,0]","[2130,1425]",
3,19,0,"[2,10000]","[300,372]",
3,20,0,"[2,0]","[2130,1425]",
3,21,0,"[2,0]","[2130,1425]",
3,22,0,"[2,4000]","[2000,3000]",
3,23,0,"[2,0]","[2130,1425]",
3,24,0,"[2,0]","[2130,1425]",
3,25,0,"[2,10000]","[300,372]",
3,26,0,"[2,0]","[2130,1425]",
3,27,0,"[2,0]","[2130,1425]",
3,28,0,"[2,0]","[2130,1425]",
3,29,0,"[2,3000]","[3000,4000]",
3,30,0,"[2,0]","[2130,1425]",
3,31,0,"[2,10000]","[300,372]",
3,32,0,"[2,0]","[2130,1425]",
3,33,0,"[2,0]","[2130,1425]",
3,34,0,"[2,0]","[2130,1425]",
3,35,0,"[2,0]","[2130,1425]",
3,36,0,"[2,2000]","[6000,6000]",
3,37,0,"[2,10000]","[300,372]",
3,38,0,"[2,6000]","[900,1200]",
3,39,0,"[2,0]","[2130,1425]",
3,40,0,"[2,0]","[2130,1425]",
3,41,0,"[2,0]","[2130,1425]",
3,42,0,"[2,0]","[2130,1425]",
3,43,0,"[2,6000]","[900,1200]",
3,44,0,"[2,60000]","[3,300]",
3,45,0,"[2,6000]","[900,1200]",
3,46,0,"[2,6000]","[900,1200]",
3,47,0,"[2,6000]","[900,1200]",
3,48,0,"[2,6000]","[900,1200]",
3,49,0,"[2,0]","[2130,1425]",
3,50,0,"[2,6000]","[900,1200]",
3,51,0,"[2,5000]","[1500,2000]",
3,52,0,"[2,0]","[2130,1425]",
3,53,0,"[2,0]","[2130,1425]",
3,54,0,"[2,0]","[2130,1425]",
3,55,0,"[2,0]","[2130,1425]",
3,56,0,"[2,6000]","[900,1200]",
3,57,0,"[2,0]","[2130,1425]",
3,58,0,"[2,4000]","[2000,3000]",
3,59,0,"[2,0]","[2130,1425]",
3,60,0,"[2,0]","[2130,1425]",
3,61,0,"[2,0]","[2130,1425]",
3,62,0,"[2,6000]","[900,1200]",
3,63,0,"[2,0]","[2130,1425]",
3,64,0,"[2,0]","[2130,1425]",
3,65,0,"[2,3000]","[3000,4000]",
3,66,0,"[2,0]","[2130,1425]",
3,67,0,"[2,0]","[2130,1425]",
3,68,0,"[2,6000]","[900,1200]",
3,69,0,"[2,0]","[2130,1425]",
3,70,0,"[2,0]","[2130,1425]",
3,71,0,"[2,0]","[2130,1425]",
3,72,0,"[2,2000]","[6000,6000]",
3,73,0,"[2,10000]","[300,372]",
3,74,0,"[2,0]","[2130,1425]",
3,75,0,"[2,5000]","[1500,2000]",
3,76,0,"[2,0]","[2130,1425]",
3,77,0,"[2,0]","[2130,1425]",
3,78,0,"[2,0]","[2130,1425]",
3,79,0,"[2,0]","[2130,1425]",
3,80,0,"[2,6000]","[900,1200]",
3,81,0,"[2,5000]","[1500,2000]",
3,82,0,"[2,0]","[2130,1425]",
3,83,0,"[2,0]","[2130,1425]",
3,84,0,"[2,0]","[2130,1425]",
3,85,0,"[2,5000]","[1500,2000]",
3,86,0,"[2,5000]","[1500,2000]",
3,87,0,"[2,50000]","[3,450]",
3,88,0,"[2,5000]","[1500,2000]",
3,89,0,"[2,5000]","[1500,2000]",
3,90,0,"[2,5000]","[1500,2000]",
3,91,0,"[2,0]","[2130,1425]",
3,92,0,"[2,0]","[2130,1425]",
3,93,0,"[2,5000]","[1500,2000]",
3,94,0,"[2,4000]","[2000,3000]",
3,95,0,"[2,0]","[2130,1425]",
3,96,0,"[2,0]","[2130,1425]",
3,97,0,"[2,0]","[2130,1425]",
3,98,0,"[2,0]","[2130,1425]",
3,99,0,"[2,5000]","[1500,2000]",
3,100,0,"[2,0]","[2130,1425]",
3,101,0,"[2,3000]","[3000,4000]",
3,102,0,"[2,0]","[2130,1425]",
3,103,0,"[2,0]","[2130,1425]",
3,104,0,"[2,0]","[2130,1425]",
3,105,0,"[2,5000]","[1500,2000]",
3,106,0,"[2,0]","[2130,1425]",
3,107,0,"[2,0]","[2130,1425]",
3,108,0,"[2,2000]","[6000,6000]",
3,109,0,"[2,10000]","[300,372]",
3,110,0,"[2,0]","[2130,1425]",
3,111,0,"[2,0]","[2130,1425]",
3,112,0,"[2,4000]","[2000,3000]",
3,113,0,"[2,0]","[2130,1425]",
3,114,0,"[2,0]","[2130,1425]",
3,115,0,"[2,0]","[2130,1425]",
3,116,0,"[2,6000]","[900,1200]",
3,117,0,"[2,0]","[2130,1425]",
3,118,0,"[2,4000]","[2000,3000]",
3,119,0,"[2,0]","[2130,1425]",
3,120,0,"[2,0]","[2130,1425]",
3,121,0,"[2,0]","[2130,1425]",
3,122,0,"[2,0]","[2130,1425]",
3,123,0,"[2,5000]","[1500,2000]",
3,124,0,"[2,4000]","[2000,3000]",
3,125,0,"[2,0]","[2130,1425]",
3,126,0,"[2,0]","[2130,1425]",
3,127,0,"[2,4000]","[2000,3000]",
3,128,0,"[2,4000]","[2000,3000]",
3,129,0,"[2,4000]","[2000,3000]",
3,130,0,"[2,40000]","[72,600]",
3,131,0,"[2,4000]","[2000,3000]",
3,132,0,"[2,4000]","[2000,3000]",
3,133,0,"[2,0]","[2130,1425]",
3,134,0,"[2,0]","[2130,1425]",
3,135,0,"[2,0]","[2130,1425]",
3,136,0,"[2,4000]","[2000,3000]",
3,137,0,"[2,3000]","[3000,4000]",
3,138,0,"[2,0]","[2130,1425]",
3,139,0,"[2,0]","[2130,1425]",
3,140,0,"[2,0]","[2130,1425]",
3,141,0,"[2,0]","[2130,1425]",
3,142,0,"[2,4000]","[2000,3000]",
3,143,0,"[2,0]","[2130,1425]",
3,144,0,"[2,2000]","[6000,6000]",
3,145,0,"[2,10000]","[300,372]",
3,146,0,"[2,0]","[2130,1425]",
3,147,0,"[2,0]","[2130,1425]",
3,148,0,"[2,0]","[2130,1425]",
3,149,0,"[2,3000]","[3000,4000]",
3,150,0,"[2,0]","[2130,1425]",
3,151,0,"[2,0]","[2130,1425]",
3,152,0,"[2,6000]","[900,1200]",
3,153,0,"[2,0]","[2130,1425]",
3,154,0,"[2,0]","[2130,1425]",
3,155,0,"[2,3000]","[3000,4000]",
3,156,0,"[2,0]","[2130,1425]",
3,157,0,"[2,0]","[2130,1425]",
3,158,0,"[2,0]","[2130,1425]",
3,159,0,"[2,5000]","[1500,2000]",
3,160,0,"[2,0]","[2130,1425]",
3,161,0,"[2,3000]","[3000,4000]",
3,162,0,"[2,0]","[2130,1425]",
3,163,0,"[2,0]","[2130,1425]",
3,164,0,"[2,0]","[2130,1425]",
3,165,0,"[2,0]","[2130,1425]",
3,166,0,"[2,4000]","[2000,3000]",
3,167,0,"[2,3000]","[3000,4000]",
3,168,0,"[2,0]","[2130,1425]",
3,169,0,"[2,3000]","[3000,4000]",
3,170,0,"[2,3000]","[3000,4000]",
3,171,0,"[2,3000]","[3000,4000]",
3,172,0,"[2,3000]","[3000,4000]",
3,173,0,"[2,30000]","[600,1200]",
3,174,0,"[2,3000]","[3000,4000]",
3,175,0,"[2,0]","[2130,1425]",
3,176,0,"[2,0]","[2130,1425]",
3,177,0,"[2,0]","[2130,1425]",
3,178,0,"[2,0]","[2130,1425]",
3,179,0,"[2,3000]","[3000,4000]",
3,180,0,"[2,2000]","[6000,6000]",
3,181,0,"[2,10000]","[300,372]",
3,182,0,"[2,0]","[2130,1425]",
3,183,0,"[2,0]","[2130,1425]",
3,184,0,"[2,0]","[2130,1425]",
3,185,0,"[2,0]","[2130,1425]",
3,186,0,"[2,2000]","[6000,6000]",
3,187,0,"[2,0]","[2130,1425]",
3,188,0,"[2,6000]","[900,1200]",
3,189,0,"[2,0]","[2130,1425]",
3,190,0,"[2,0]","[2130,1425]",
3,191,0,"[2,0]","[2130,1425]",
3,192,0,"[2,2000]","[6000,6000]",
3,193,0,"[2,0]","[2130,1425]",
3,194,0,"[2,0]","[2130,1425]",
3,195,0,"[2,5000]","[1500,2000]",
3,196,0,"[2,0]","[2130,1425]",
3,197,0,"[2,0]","[2130,1425]",
3,198,0,"[2,2000]","[6000,6000]",
3,199,0,"[2,0]","[2130,1425]",
3,200,0,"[2,0]","[2130,1425]",
3,201,0,"[2,0]","[2130,1425]",
3,202,0,"[2,4000]","[2000,3000]",
3,203,0,"[2,0]","[2130,1425]",
3,204,0,"[2,2000]","[6000,6000]",
3,205,0,"[2,0]","[2130,1425]",
3,206,0,"[2,0]","[2130,1425]",
3,207,0,"[2,0]","[2130,1425]",
3,208,0,"[2,0]","[2130,1425]",
3,209,0,"[2,3000]","[3000,4000]",
3,210,0,"[2,2000]","[6000,6000]",
3,211,0,"[2,2000]","[6000,6000]",
3,212,0,"[2,2000]","[6000,6000]",
3,213,0,"[2,2000]","[6000,6000]",
3,214,0,"[2,2000]","[6000,6000]",
3,215,0,"[2,2000]","[6000,6000]",
3,216,0,"[2,20000]","[2400,3000]",
4,1,0,"[2,20000000]","[0,3]",
4,2,0,"[2,100000]","[300,372]",
4,3,0,"[2,100000]","[300,372]",
4,4,0,"[2,100000]","[300,372]",
4,5,0,"[2,100000]","[300,372]",
4,6,0,"[2,100000]","[300,372]",
4,7,0,"[2,100000]","[300,372]",
4,8,0,"[2,60000]","[900,1200]",
4,9,0,"[2,0]","[2130,1425]",
4,10,0,"[2,0]","[2130,1425]",
4,11,0,"[2,0]","[2130,1425]",
4,12,0,"[2,0]","[2130,1425]",
4,13,0,"[2,100000]","[300,372]",
4,14,0,"[2,0]","[2130,1425]",
4,15,0,"[2,50000]","[1500,2000]",
4,16,0,"[2,0]","[2130,1425]",
4,17,0,"[2,0]","[2130,1425]",
4,18,0,"[2,0]","[2130,1425]",
4,19,0,"[2,100000]","[300,372]",
4,20,0,"[2,0]","[2130,1425]",
4,21,0,"[2,0]","[2130,1425]",
4,22,0,"[2,40000]","[2000,3000]",
4,23,0,"[2,0]","[2130,1425]",
4,24,0,"[2,0]","[2130,1425]",
4,25,0,"[2,100000]","[300,372]",
4,26,0,"[2,0]","[2130,1425]",
4,27,0,"[2,0]","[2130,1425]",
4,28,0,"[2,0]","[2130,1425]",
4,29,0,"[2,30000]","[3000,4000]",
4,30,0,"[2,0]","[2130,1425]",
4,31,0,"[2,100000]","[300,372]",
4,32,0,"[2,0]","[2130,1425]",
4,33,0,"[2,0]","[2130,1425]",
4,34,0,"[2,0]","[2130,1425]",
4,35,0,"[2,0]","[2130,1425]",
4,36,0,"[2,20000]","[6000,6000]",
4,37,0,"[2,100000]","[300,372]",
4,38,0,"[2,60000]","[900,1200]",
4,39,0,"[2,0]","[2130,1425]",
4,40,0,"[2,0]","[2130,1425]",
4,41,0,"[2,0]","[2130,1425]",
4,42,0,"[2,0]","[2130,1425]",
4,43,0,"[2,60000]","[900,1200]",
4,44,0,"[2,600000]","[3,300]",
4,45,0,"[2,60000]","[900,1200]",
4,46,0,"[2,60000]","[900,1200]",
4,47,0,"[2,60000]","[900,1200]",
4,48,0,"[2,60000]","[900,1200]",
4,49,0,"[2,0]","[2130,1425]",
4,50,0,"[2,60000]","[900,1200]",
4,51,0,"[2,50000]","[1500,2000]",
4,52,0,"[2,0]","[2130,1425]",
4,53,0,"[2,0]","[2130,1425]",
4,54,0,"[2,0]","[2130,1425]",
4,55,0,"[2,0]","[2130,1425]",
4,56,0,"[2,60000]","[900,1200]",
4,57,0,"[2,0]","[2130,1425]",
4,58,0,"[2,40000]","[2000,3000]",
4,59,0,"[2,0]","[2130,1425]",
4,60,0,"[2,0]","[2130,1425]",
4,61,0,"[2,0]","[2130,1425]",
4,62,0,"[2,60000]","[900,1200]",
4,63,0,"[2,0]","[2130,1425]",
4,64,0,"[2,0]","[2130,1425]",
4,65,0,"[2,30000]","[3000,4000]",
4,66,0,"[2,0]","[2130,1425]",
4,67,0,"[2,0]","[2130,1425]",
4,68,0,"[2,60000]","[900,1200]",
4,69,0,"[2,0]","[2130,1425]",
4,70,0,"[2,0]","[2130,1425]",
4,71,0,"[2,0]","[2130,1425]",
4,72,0,"[2,20000]","[6000,6000]",
4,73,0,"[2,100000]","[300,372]",
4,74,0,"[2,0]","[2130,1425]",
4,75,0,"[2,50000]","[1500,2000]",
4,76,0,"[2,0]","[2130,1425]",
4,77,0,"[2,0]","[2130,1425]",
4,78,0,"[2,0]","[2130,1425]",
4,79,0,"[2,0]","[2130,1425]",
4,80,0,"[2,60000]","[900,1200]",
4,81,0,"[2,50000]","[1500,2000]",
4,82,0,"[2,0]","[2130,1425]",
4,83,0,"[2,0]","[2130,1425]",
4,84,0,"[2,0]","[2130,1425]",
4,85,0,"[2,50000]","[1500,2000]",
4,86,0,"[2,50000]","[1500,2000]",
4,87,0,"[2,500000]","[3,450]",
4,88,0,"[2,50000]","[1500,2000]",
4,89,0,"[2,50000]","[1500,2000]",
4,90,0,"[2,50000]","[1500,2000]",
4,91,0,"[2,0]","[2130,1425]",
4,92,0,"[2,0]","[2130,1425]",
4,93,0,"[2,50000]","[1500,2000]",
4,94,0,"[2,40000]","[2000,3000]",
4,95,0,"[2,0]","[2130,1425]",
4,96,0,"[2,0]","[2130,1425]",
4,97,0,"[2,0]","[2130,1425]",
4,98,0,"[2,0]","[2130,1425]",
4,99,0,"[2,50000]","[1500,2000]",
4,100,0,"[2,0]","[2130,1425]",
4,101,0,"[2,30000]","[3000,4000]",
4,102,0,"[2,0]","[2130,1425]",
4,103,0,"[2,0]","[2130,1425]",
4,104,0,"[2,0]","[2130,1425]",
4,105,0,"[2,50000]","[1500,2000]",
4,106,0,"[2,0]","[2130,1425]",
4,107,0,"[2,0]","[2130,1425]",
4,108,0,"[2,20000]","[6000,6000]",
4,109,0,"[2,100000]","[300,372]",
4,110,0,"[2,0]","[2130,1425]",
4,111,0,"[2,0]","[2130,1425]",
4,112,0,"[2,40000]","[2000,3000]",
4,113,0,"[2,0]","[2130,1425]",
4,114,0,"[2,0]","[2130,1425]",
4,115,0,"[2,0]","[2130,1425]",
4,116,0,"[2,60000]","[900,1200]",
4,117,0,"[2,0]","[2130,1425]",
4,118,0,"[2,40000]","[2000,3000]",
4,119,0,"[2,0]","[2130,1425]",
4,120,0,"[2,0]","[2130,1425]",
4,121,0,"[2,0]","[2130,1425]",
4,122,0,"[2,0]","[2130,1425]",
4,123,0,"[2,50000]","[1500,2000]",
4,124,0,"[2,40000]","[2000,3000]",
4,125,0,"[2,0]","[2130,1425]",
4,126,0,"[2,0]","[2130,1425]",
4,127,0,"[2,40000]","[2000,3000]",
4,128,0,"[2,40000]","[2000,3000]",
4,129,0,"[2,40000]","[2000,3000]",
4,130,0,"[2,400000]","[72,600]",
4,131,0,"[2,40000]","[2000,3000]",
4,132,0,"[2,40000]","[2000,3000]",
4,133,0,"[2,0]","[2130,1425]",
4,134,0,"[2,0]","[2130,1425]",
4,135,0,"[2,0]","[2130,1425]",
4,136,0,"[2,40000]","[2000,3000]",
4,137,0,"[2,30000]","[3000,4000]",
4,138,0,"[2,0]","[2130,1425]",
4,139,0,"[2,0]","[2130,1425]",
4,140,0,"[2,0]","[2130,1425]",
4,141,0,"[2,0]","[2130,1425]",
4,142,0,"[2,40000]","[2000,3000]",
4,143,0,"[2,0]","[2130,1425]",
4,144,0,"[2,20000]","[6000,6000]",
4,145,0,"[2,100000]","[300,372]",
4,146,0,"[2,0]","[2130,1425]",
4,147,0,"[2,0]","[2130,1425]",
4,148,0,"[2,0]","[2130,1425]",
4,149,0,"[2,30000]","[3000,4000]",
4,150,0,"[2,0]","[2130,1425]",
4,151,0,"[2,0]","[2130,1425]",
4,152,0,"[2,60000]","[900,1200]",
4,153,0,"[2,0]","[2130,1425]",
4,154,0,"[2,0]","[2130,1425]",
4,155,0,"[2,30000]","[3000,4000]",
4,156,0,"[2,0]","[2130,1425]",
4,157,0,"[2,0]","[2130,1425]",
4,158,0,"[2,0]","[2130,1425]",
4,159,0,"[2,50000]","[1500,2000]",
4,160,0,"[2,0]","[2130,1425]",
4,161,0,"[2,30000]","[3000,4000]",
4,162,0,"[2,0]","[2130,1425]",
4,163,0,"[2,0]","[2130,1425]",
4,164,0,"[2,0]","[2130,1425]",
4,165,0,"[2,0]","[2130,1425]",
4,166,0,"[2,40000]","[2000,3000]",
4,167,0,"[2,30000]","[3000,4000]",
4,168,0,"[2,0]","[2130,1425]",
4,169,0,"[2,30000]","[3000,4000]",
4,170,0,"[2,30000]","[3000,4000]",
4,171,0,"[2,30000]","[3000,4000]",
4,172,0,"[2,30000]","[3000,4000]",
4,173,0,"[2,300000]","[600,1200]",
4,174,0,"[2,30000]","[3000,4000]",
4,175,0,"[2,0]","[2130,1425]",
4,176,0,"[2,0]","[2130,1425]",
4,177,0,"[2,0]","[2130,1425]",
4,178,0,"[2,0]","[2130,1425]",
4,179,0,"[2,30000]","[3000,4000]",
4,180,0,"[2,20000]","[6000,6000]",
4,181,0,"[2,100000]","[300,372]",
4,182,0,"[2,0]","[2130,1425]",
4,183,0,"[2,0]","[2130,1425]",
4,184,0,"[2,0]","[2130,1425]",
4,185,0,"[2,0]","[2130,1425]",
4,186,0,"[2,20000]","[6000,6000]",
4,187,0,"[2,0]","[2130,1425]",
4,188,0,"[2,60000]","[900,1200]",
4,189,0,"[2,0]","[2130,1425]",
4,190,0,"[2,0]","[2130,1425]",
4,191,0,"[2,0]","[2130,1425]",
4,192,0,"[2,20000]","[6000,6000]",
4,193,0,"[2,0]","[2130,1425]",
4,194,0,"[2,0]","[2130,1425]",
4,195,0,"[2,50000]","[1500,2000]",
4,196,0,"[2,0]","[2130,1425]",
4,197,0,"[2,0]","[2130,1425]",
4,198,0,"[2,20000]","[6000,6000]",
4,199,0,"[2,0]","[2130,1425]",
4,200,0,"[2,0]","[2130,1425]",
4,201,0,"[2,0]","[2130,1425]",
4,202,0,"[2,40000]","[2000,3000]",
4,203,0,"[2,0]","[2130,1425]",
4,204,0,"[2,20000]","[6000,6000]",
4,205,0,"[2,0]","[2130,1425]",
4,206,0,"[2,0]","[2130,1425]",
4,207,0,"[2,0]","[2130,1425]",
4,208,0,"[2,0]","[2130,1425]",
4,209,0,"[2,30000]","[3000,4000]",
4,210,0,"[2,20000]","[6000,6000]",
4,211,0,"[2,20000]","[6000,6000]",
4,212,0,"[2,20000]","[6000,6000]",
4,213,0,"[2,20000]","[6000,6000]",
4,214,0,"[2,20000]","[6000,6000]",
4,215,0,"[2,20000]","[6000,6000]",
4,216,0,"[2,200000]","[2400,3000]",
5,1,0,"[2,200000000]","[0,3]",
5,2,0,"[2,1000000]","[300,372]",
5,3,0,"[2,1000000]","[300,372]",
5,4,0,"[2,1000000]","[300,372]",
5,5,0,"[2,1000000]","[300,372]",
5,6,0,"[2,1000000]","[300,372]",
5,7,0,"[2,1000000]","[300,372]",
5,8,0,"[2,600000]","[900,1200]",
5,9,0,"[2,0]","[2130,1425]",
5,10,0,"[2,0]","[2130,1425]",
5,11,0,"[2,0]","[2130,1425]",
5,12,0,"[2,0]","[2130,1425]",
5,13,0,"[2,1000000]","[300,372]",
5,14,0,"[2,0]","[2130,1425]",
5,15,0,"[2,500000]","[1500,2000]",
5,16,0,"[2,0]","[2130,1425]",
5,17,0,"[2,0]","[2130,1425]",
5,18,0,"[2,0]","[2130,1425]",
5,19,0,"[2,1000000]","[300,372]",
5,20,0,"[2,0]","[2130,1425]",
5,21,0,"[2,0]","[2130,1425]",
5,22,0,"[2,400000]","[2000,3000]",
5,23,0,"[2,0]","[2130,1425]",
5,24,0,"[2,0]","[2130,1425]",
5,25,0,"[2,1000000]","[300,372]",
5,26,0,"[2,0]","[2130,1425]",
5,27,0,"[2,0]","[2130,1425]",
5,28,0,"[2,0]","[2130,1425]",
5,29,0,"[2,300000]","[3000,4000]",
5,30,0,"[2,0]","[2130,1425]",
5,31,0,"[2,1000000]","[300,372]",
5,32,0,"[2,0]","[2130,1425]",
5,33,0,"[2,0]","[2130,1425]",
5,34,0,"[2,0]","[2130,1425]",
5,35,0,"[2,0]","[2130,1425]",
5,36,0,"[2,200000]","[6000,6000]",
5,37,0,"[2,1000000]","[300,372]",
5,38,0,"[2,600000]","[900,1200]",
5,39,0,"[2,0]","[2130,1425]",
5,40,0,"[2,0]","[2130,1425]",
5,41,0,"[2,0]","[2130,1425]",
5,42,0,"[2,0]","[2130,1425]",
5,43,0,"[2,600000]","[900,1200]",
5,44,0,"[2,6000000]","[3,300]",
5,45,0,"[2,600000]","[900,1200]",
5,46,0,"[2,600000]","[900,1200]",
5,47,0,"[2,600000]","[900,1200]",
5,48,0,"[2,600000]","[900,1200]",
5,49,0,"[2,0]","[2130,1425]",
5,50,0,"[2,600000]","[900,1200]",
5,51,0,"[2,500000]","[1500,2000]",
5,52,0,"[2,0]","[2130,1425]",
5,53,0,"[2,0]","[2130,1425]",
5,54,0,"[2,0]","[2130,1425]",
5,55,0,"[2,0]","[2130,1425]",
5,56,0,"[2,600000]","[900,1200]",
5,57,0,"[2,0]","[2130,1425]",
5,58,0,"[2,400000]","[2000,3000]",
5,59,0,"[2,0]","[2130,1425]",
5,60,0,"[2,0]","[2130,1425]",
5,61,0,"[2,0]","[2130,1425]",
5,62,0,"[2,600000]","[900,1200]",
5,63,0,"[2,0]","[2130,1425]",
5,64,0,"[2,0]","[2130,1425]",
5,65,0,"[2,300000]","[3000,4000]",
5,66,0,"[2,0]","[2130,1425]",
5,67,0,"[2,0]","[2130,1425]",
5,68,0,"[2,600000]","[900,1200]",
5,69,0,"[2,0]","[2130,1425]",
5,70,0,"[2,0]","[2130,1425]",
5,71,0,"[2,0]","[2130,1425]",
5,72,0,"[2,200000]","[6000,6000]",
5,73,0,"[2,1000000]","[300,372]",
5,74,0,"[2,0]","[2130,1425]",
5,75,0,"[2,500000]","[1500,2000]",
5,76,0,"[2,0]","[2130,1425]",
5,77,0,"[2,0]","[2130,1425]",
5,78,0,"[2,0]","[2130,1425]",
5,79,0,"[2,0]","[2130,1425]",
5,80,0,"[2,600000]","[900,1200]",
5,81,0,"[2,500000]","[1500,2000]",
5,82,0,"[2,0]","[2130,1425]",
5,83,0,"[2,0]","[2130,1425]",
5,84,0,"[2,0]","[2130,1425]",
5,85,0,"[2,500000]","[1500,2000]",
5,86,0,"[2,500000]","[1500,2000]",
5,87,0,"[2,5000000]","[3,450]",
5,88,0,"[2,500000]","[1500,2000]",
5,89,0,"[2,500000]","[1500,2000]",
5,90,0,"[2,500000]","[1500,2000]",
5,91,0,"[2,0]","[2130,1425]",
5,92,0,"[2,0]","[2130,1425]",
5,93,0,"[2,500000]","[1500,2000]",
5,94,0,"[2,400000]","[2000,3000]",
5,95,0,"[2,0]","[2130,1425]",
5,96,0,"[2,0]","[2130,1425]",
5,97,0,"[2,0]","[2130,1425]",
5,98,0,"[2,0]","[2130,1425]",
5,99,0,"[2,500000]","[1500,2000]",
5,100,0,"[2,0]","[2130,1425]",
5,101,0,"[2,300000]","[3000,4000]",
5,102,0,"[2,0]","[2130,1425]",
5,103,0,"[2,0]","[2130,1425]",
5,104,0,"[2,0]","[2130,1425]",
5,105,0,"[2,500000]","[1500,2000]",
5,106,0,"[2,0]","[2130,1425]",
5,107,0,"[2,0]","[2130,1425]",
5,108,0,"[2,200000]","[6000,6000]",
5,109,0,"[2,1000000]","[300,372]",
5,110,0,"[2,0]","[2130,1425]",
5,111,0,"[2,0]","[2130,1425]",
5,112,0,"[2,400000]","[2000,3000]",
5,113,0,"[2,0]","[2130,1425]",
5,114,0,"[2,0]","[2130,1425]",
5,115,0,"[2,0]","[2130,1425]",
5,116,0,"[2,600000]","[900,1200]",
5,117,0,"[2,0]","[2130,1425]",
5,118,0,"[2,400000]","[2000,3000]",
5,119,0,"[2,0]","[2130,1425]",
5,120,0,"[2,0]","[2130,1425]",
5,121,0,"[2,0]","[2130,1425]",
5,122,0,"[2,0]","[2130,1425]",
5,123,0,"[2,500000]","[1500,2000]",
5,124,0,"[2,400000]","[2000,3000]",
5,125,0,"[2,0]","[2130,1425]",
5,126,0,"[2,0]","[2130,1425]",
5,127,0,"[2,400000]","[2000,3000]",
5,128,0,"[2,400000]","[2000,3000]",
5,129,0,"[2,400000]","[2000,3000]",
5,130,0,"[2,4000000]","[72,600]",
5,131,0,"[2,400000]","[2000,3000]",
5,132,0,"[2,400000]","[2000,3000]",
5,133,0,"[2,0]","[2130,1425]",
5,134,0,"[2,0]","[2130,1425]",
5,135,0,"[2,0]","[2130,1425]",
5,136,0,"[2,400000]","[2000,3000]",
5,137,0,"[2,300000]","[3000,4000]",
5,138,0,"[2,0]","[2130,1425]",
5,139,0,"[2,0]","[2130,1425]",
5,140,0,"[2,0]","[2130,1425]",
5,141,0,"[2,0]","[2130,1425]",
5,142,0,"[2,400000]","[2000,3000]",
5,143,0,"[2,0]","[2130,1425]",
5,144,0,"[2,200000]","[6000,6000]",
5,145,0,"[2,1000000]","[300,372]",
5,146,0,"[2,0]","[2130,1425]",
5,147,0,"[2,0]","[2130,1425]",
5,148,0,"[2,0]","[2130,1425]",
5,149,0,"[2,300000]","[3000,4000]",
5,150,0,"[2,0]","[2130,1425]",
5,151,0,"[2,0]","[2130,1425]",
5,152,0,"[2,600000]","[900,1200]",
5,153,0,"[2,0]","[2130,1425]",
5,154,0,"[2,0]","[2130,1425]",
5,155,0,"[2,300000]","[3000,4000]",
5,156,0,"[2,0]","[2130,1425]",
5,157,0,"[2,0]","[2130,1425]",
5,158,0,"[2,0]","[2130,1425]",
5,159,0,"[2,500000]","[1500,2000]",
5,160,0,"[2,0]","[2130,1425]",
5,161,0,"[2,300000]","[3000,4000]",
5,162,0,"[2,0]","[2130,1425]",
5,163,0,"[2,0]","[2130,1425]",
5,164,0,"[2,0]","[2130,1425]",
5,165,0,"[2,0]","[2130,1425]",
5,166,0,"[2,400000]","[2000,3000]",
5,167,0,"[2,300000]","[3000,4000]",
5,168,0,"[2,0]","[2130,1425]",
5,169,0,"[2,300000]","[3000,4000]",
5,170,0,"[2,300000]","[3000,4000]",
5,171,0,"[2,300000]","[3000,4000]",
5,172,0,"[2,300000]","[3000,4000]",
5,173,0,"[2,3000000]","[600,1200]",
5,174,0,"[2,300000]","[3000,4000]",
5,175,0,"[2,0]","[2130,1425]",
5,176,0,"[2,0]","[2130,1425]",
5,177,0,"[2,0]","[2130,1425]",
5,178,0,"[2,0]","[2130,1425]",
5,179,0,"[2,300000]","[3000,4000]",
5,180,0,"[2,200000]","[6000,6000]",
5,181,0,"[2,1000000]","[300,372]",
5,182,0,"[2,0]","[2130,1425]",
5,183,0,"[2,0]","[2130,1425]",
5,184,0,"[2,0]","[2130,1425]",
5,185,0,"[2,0]","[2130,1425]",
5,186,0,"[2,200000]","[6000,6000]",
5,187,0,"[2,0]","[2130,1425]",
5,188,0,"[2,600000]","[900,1200]",
5,189,0,"[2,0]","[2130,1425]",
5,190,0,"[2,0]","[2130,1425]",
5,191,0,"[2,0]","[2130,1425]",
5,192,0,"[2,200000]","[6000,6000]",
5,193,0,"[2,0]","[2130,1425]",
5,194,0,"[2,0]","[2130,1425]",
5,195,0,"[2,500000]","[1500,2000]",
5,196,0,"[2,0]","[2130,1425]",
5,197,0,"[2,0]","[2130,1425]",
5,198,0,"[2,200000]","[6000,6000]",
5,199,0,"[2,0]","[2130,1425]",
5,200,0,"[2,0]","[2130,1425]",
5,201,0,"[2,0]","[2130,1425]",
5,202,0,"[2,400000]","[2000,3000]",
5,203,0,"[2,0]","[2130,1425]",
5,204,0,"[2,200000]","[6000,6000]",
5,205,0,"[2,0]","[2130,1425]",
5,206,0,"[2,0]","[2130,1425]",
5,207,0,"[2,0]","[2130,1425]",
5,208,0,"[2,0]","[2130,1425]",
5,209,0,"[2,300000]","[3000,4000]",
5,210,0,"[2,200000]","[6000,6000]",
5,211,0,"[2,200000]","[6000,6000]",
5,212,0,"[2,200000]","[6000,6000]",
5,213,0,"[2,200000]","[6000,6000]",
5,214,0,"[2,200000]","[6000,6000]",
5,215,0,"[2,200000]","[6000,6000]",
5,216,0,"[2,2000000]","[2400,3000]",
6,1,0,"[4,20000]","[0,3]",
6,2,0,"[4,100]","[300,372]",
6,3,0,"[4,100]","[300,372]",
6,4,0,"[4,100]","[300,372]",
6,5,0,"[4,100]","[300,372]",
6,6,0,"[4,100]","[300,372]",
6,7,0,"[4,100]","[300,372]",
6,8,0,"[4,60]","[900,1200]",
6,9,0,"[4,0]","[2130,1425]",
6,10,0,"[4,0]","[2130,1425]",
6,11,0,"[4,0]","[2130,1425]",
6,12,0,"[4,0]","[2130,1425]",
6,13,0,"[4,100]","[300,372]",
6,14,0,"[4,0]","[2130,1425]",
6,15,0,"[4,50]","[1500,2000]",
6,16,0,"[4,0]","[2130,1425]",
6,17,0,"[4,0]","[2130,1425]",
6,18,0,"[4,0]","[2130,1425]",
6,19,0,"[4,100]","[300,372]",
6,20,0,"[4,0]","[2130,1425]",
6,21,0,"[4,0]","[2130,1425]",
6,22,0,"[4,40]","[2000,3000]",
6,23,0,"[4,0]","[2130,1425]",
6,24,0,"[4,0]","[2130,1425]",
6,25,0,"[4,100]","[300,372]",
6,26,0,"[4,0]","[2130,1425]",
6,27,0,"[4,0]","[2130,1425]",
6,28,0,"[4,0]","[2130,1425]",
6,29,0,"[4,30]","[3000,4000]",
6,30,0,"[4,0]","[2130,1425]",
6,31,0,"[4,100]","[300,372]",
6,32,0,"[4,0]","[2130,1425]",
6,33,0,"[4,0]","[2130,1425]",
6,34,0,"[4,0]","[2130,1425]",
6,35,0,"[4,0]","[2130,1425]",
6,36,0,"[4,20]","[6000,6000]",
6,37,0,"[4,100]","[300,372]",
6,38,0,"[4,60]","[900,1200]",
6,39,0,"[4,0]","[2130,1425]",
6,40,0,"[4,0]","[2130,1425]",
6,41,0,"[4,0]","[2130,1425]",
6,42,0,"[4,0]","[2130,1425]",
6,43,0,"[4,60]","[900,1200]",
6,44,0,"[4,600]","[3,300]",
6,45,0,"[4,60]","[900,1200]",
6,46,0,"[4,60]","[900,1200]",
6,47,0,"[4,60]","[900,1200]",
6,48,0,"[4,60]","[900,1200]",
6,49,0,"[4,0]","[2130,1425]",
6,50,0,"[4,60]","[900,1200]",
6,51,0,"[4,50]","[1500,2000]",
6,52,0,"[4,0]","[2130,1425]",
6,53,0,"[4,0]","[2130,1425]",
6,54,0,"[4,0]","[2130,1425]",
6,55,0,"[4,0]","[2130,1425]",
6,56,0,"[4,60]","[900,1200]",
6,57,0,"[4,0]","[2130,1425]",
6,58,0,"[4,40]","[2000,3000]",
6,59,0,"[4,0]","[2130,1425]",
6,60,0,"[4,0]","[2130,1425]",
6,61,0,"[4,0]","[2130,1425]",
6,62,0,"[4,60]","[900,1200]",
6,63,0,"[4,0]","[2130,1425]",
6,64,0,"[4,0]","[2130,1425]",
6,65,0,"[4,30]","[3000,4000]",
6,66,0,"[4,0]","[2130,1425]",
6,67,0,"[4,0]","[2130,1425]",
6,68,0,"[4,60]","[900,1200]",
6,69,0,"[4,0]","[2130,1425]",
6,70,0,"[4,0]","[2130,1425]",
6,71,0,"[4,0]","[2130,1425]",
6,72,0,"[4,20]","[6000,6000]",
6,73,0,"[4,100]","[300,372]",
6,74,0,"[4,0]","[2130,1425]",
6,75,0,"[4,50]","[1500,2000]",
6,76,0,"[4,0]","[2130,1425]",
6,77,0,"[4,0]","[2130,1425]",
6,78,0,"[4,0]","[2130,1425]",
6,79,0,"[4,0]","[2130,1425]",
6,80,0,"[4,60]","[900,1200]",
6,81,0,"[4,50]","[1500,2000]",
6,82,0,"[4,0]","[2130,1425]",
6,83,0,"[4,0]","[2130,1425]",
6,84,0,"[4,0]","[2130,1425]",
6,85,0,"[4,50]","[1500,2000]",
6,86,0,"[4,50]","[1500,2000]",
6,87,0,"[4,500]","[3,450]",
6,88,0,"[4,50]","[1500,2000]",
6,89,0,"[4,50]","[1500,2000]",
6,90,0,"[4,50]","[1500,2000]",
6,91,0,"[4,0]","[2130,1425]",
6,92,0,"[4,0]","[2130,1425]",
6,93,0,"[4,50]","[1500,2000]",
6,94,0,"[4,40]","[2000,3000]",
6,95,0,"[4,0]","[2130,1425]",
6,96,0,"[4,0]","[2130,1425]",
6,97,0,"[4,0]","[2130,1425]",
6,98,0,"[4,0]","[2130,1425]",
6,99,0,"[4,50]","[1500,2000]",
6,100,0,"[4,0]","[2130,1425]",
6,101,0,"[4,30]","[3000,4000]",
6,102,0,"[4,0]","[2130,1425]",
6,103,0,"[4,0]","[2130,1425]",
6,104,0,"[4,0]","[2130,1425]",
6,105,0,"[4,50]","[1500,2000]",
6,106,0,"[4,0]","[2130,1425]",
6,107,0,"[4,0]","[2130,1425]",
6,108,0,"[4,20]","[6000,6000]",
6,109,0,"[4,100]","[300,372]",
6,110,0,"[4,0]","[2130,1425]",
6,111,0,"[4,0]","[2130,1425]",
6,112,0,"[4,40]","[2000,3000]",
6,113,0,"[4,0]","[2130,1425]",
6,114,0,"[4,0]","[2130,1425]",
6,115,0,"[4,0]","[2130,1425]",
6,116,0,"[4,60]","[900,1200]",
6,117,0,"[4,0]","[2130,1425]",
6,118,0,"[4,40]","[2000,3000]",
6,119,0,"[4,0]","[2130,1425]",
6,120,0,"[4,0]","[2130,1425]",
6,121,0,"[4,0]","[2130,1425]",
6,122,0,"[4,0]","[2130,1425]",
6,123,0,"[4,50]","[1500,2000]",
6,124,0,"[4,40]","[2000,3000]",
6,125,0,"[4,0]","[2130,1425]",
6,126,0,"[4,0]","[2130,1425]",
6,127,0,"[4,40]","[2000,3000]",
6,128,0,"[4,40]","[2000,3000]",
6,129,0,"[4,40]","[2000,3000]",
6,130,0,"[4,400]","[72,600]",
6,131,0,"[4,40]","[2000,3000]",
6,132,0,"[4,40]","[2000,3000]",
6,133,0,"[4,0]","[2130,1425]",
6,134,0,"[4,0]","[2130,1425]",
6,135,0,"[4,0]","[2130,1425]",
6,136,0,"[4,40]","[2000,3000]",
6,137,0,"[4,30]","[3000,4000]",
6,138,0,"[4,0]","[2130,1425]",
6,139,0,"[4,0]","[2130,1425]",
6,140,0,"[4,0]","[2130,1425]",
6,141,0,"[4,0]","[2130,1425]",
6,142,0,"[4,40]","[2000,3000]",
6,143,0,"[4,0]","[2130,1425]",
6,144,0,"[4,20]","[6000,6000]",
6,145,0,"[4,100]","[300,372]",
6,146,0,"[4,0]","[2130,1425]",
6,147,0,"[4,0]","[2130,1425]",
6,148,0,"[4,0]","[2130,1425]",
6,149,0,"[4,30]","[3000,4000]",
6,150,0,"[4,0]","[2130,1425]",
6,151,0,"[4,0]","[2130,1425]",
6,152,0,"[4,60]","[900,1200]",
6,153,0,"[4,0]","[2130,1425]",
6,154,0,"[4,0]","[2130,1425]",
6,155,0,"[4,30]","[3000,4000]",
6,156,0,"[4,0]","[2130,1425]",
6,157,0,"[4,0]","[2130,1425]",
6,158,0,"[4,0]","[2130,1425]",
6,159,0,"[4,50]","[1500,2000]",
6,160,0,"[4,0]","[2130,1425]",
6,161,0,"[4,30]","[3000,4000]",
6,162,0,"[4,0]","[2130,1425]",
6,163,0,"[4,0]","[2130,1425]",
6,164,0,"[4,0]","[2130,1425]",
6,165,0,"[4,0]","[2130,1425]",
6,166,0,"[4,40]","[2000,3000]",
6,167,0,"[4,30]","[3000,4000]",
6,168,0,"[4,0]","[2130,1425]",
6,169,0,"[4,30]","[3000,4000]",
6,170,0,"[4,30]","[3000,4000]",
6,171,0,"[4,30]","[3000,4000]",
6,172,0,"[4,30]","[3000,4000]",
6,173,0,"[4,300]","[600,1200]",
6,174,0,"[4,30]","[3000,4000]",
6,175,0,"[4,0]","[2130,1425]",
6,176,0,"[4,0]","[2130,1425]",
6,177,0,"[4,0]","[2130,1425]",
6,178,0,"[4,0]","[2130,1425]",
6,179,0,"[4,30]","[3000,4000]",
6,180,0,"[4,20]","[6000,6000]",
6,181,0,"[4,100]","[300,372]",
6,182,0,"[4,0]","[2130,1425]",
6,183,0,"[4,0]","[2130,1425]",
6,184,0,"[4,0]","[2130,1425]",
6,185,0,"[4,0]","[2130,1425]",
6,186,0,"[4,20]","[6000,6000]",
6,187,0,"[4,0]","[2130,1425]",
6,188,0,"[4,60]","[900,1200]",
6,189,0,"[4,0]","[2130,1425]",
6,190,0,"[4,0]","[2130,1425]",
6,191,0,"[4,0]","[2130,1425]",
6,192,0,"[4,20]","[6000,6000]",
6,193,0,"[4,0]","[2130,1425]",
6,194,0,"[4,0]","[2130,1425]",
6,195,0,"[4,50]","[1500,2000]",
6,196,0,"[4,0]","[2130,1425]",
6,197,0,"[4,0]","[2130,1425]",
6,198,0,"[4,20]","[6000,6000]",
6,199,0,"[4,0]","[2130,1425]",
6,200,0,"[4,0]","[2130,1425]",
6,201,0,"[4,0]","[2130,1425]",
6,202,0,"[4,40]","[2000,3000]",
6,203,0,"[4,0]","[2130,1425]",
6,204,0,"[4,20]","[6000,6000]",
6,205,0,"[4,0]","[2130,1425]",
6,206,0,"[4,0]","[2130,1425]",
6,207,0,"[4,0]","[2130,1425]",
6,208,0,"[4,0]","[2130,1425]",
6,209,0,"[4,30]","[3000,4000]",
6,210,0,"[4,20]","[6000,6000]",
6,211,0,"[4,20]","[6000,6000]",
6,212,0,"[4,20]","[6000,6000]",
6,213,0,"[4,20]","[6000,6000]",
6,214,0,"[4,20]","[6000,6000]",
6,215,0,"[4,20]","[6000,6000]",
6,216,0,"[4,200]","[2400,3000]",
7,1,0,"[4,200000]","[0,3]",
7,2,0,"[4,1000]","[300,372]",
7,3,0,"[4,1000]","[300,372]",
7,4,0,"[4,1000]","[300,372]",
7,5,0,"[4,1000]","[300,372]",
7,6,0,"[4,1000]","[300,372]",
7,7,0,"[4,1000]","[300,372]",
7,8,0,"[4,600]","[900,1200]",
7,9,0,"[4,0]","[2130,1425]",
7,10,0,"[4,0]","[2130,1425]",
7,11,0,"[4,0]","[2130,1425]",
7,12,0,"[4,0]","[2130,1425]",
7,13,0,"[4,1000]","[300,372]",
7,14,0,"[4,0]","[2130,1425]",
7,15,0,"[4,500]","[1500,2000]",
7,16,0,"[4,0]","[2130,1425]",
7,17,0,"[4,0]","[2130,1425]",
7,18,0,"[4,0]","[2130,1425]",
7,19,0,"[4,1000]","[300,372]",
7,20,0,"[4,0]","[2130,1425]",
7,21,0,"[4,0]","[2130,1425]",
7,22,0,"[4,400]","[2000,3000]",
7,23,0,"[4,0]","[2130,1425]",
7,24,0,"[4,0]","[2130,1425]",
7,25,0,"[4,1000]","[300,372]",
7,26,0,"[4,0]","[2130,1425]",
7,27,0,"[4,0]","[2130,1425]",
7,28,0,"[4,0]","[2130,1425]",
7,29,0,"[4,300]","[3000,4000]",
7,30,0,"[4,0]","[2130,1425]",
7,31,0,"[4,1000]","[300,372]",
7,32,0,"[4,0]","[2130,1425]",
7,33,0,"[4,0]","[2130,1425]",
7,34,0,"[4,0]","[2130,1425]",
7,35,0,"[4,0]","[2130,1425]",
7,36,0,"[4,200]","[6000,6000]",
7,37,0,"[4,1000]","[300,372]",
7,38,0,"[4,600]","[900,1200]",
7,39,0,"[4,0]","[2130,1425]",
7,40,0,"[4,0]","[2130,1425]",
7,41,0,"[4,0]","[2130,1425]",
7,42,0,"[4,0]","[2130,1425]",
7,43,0,"[4,600]","[900,1200]",
7,44,0,"[4,6000]","[3,300]",
7,45,0,"[4,600]","[900,1200]",
7,46,0,"[4,600]","[900,1200]",
7,47,0,"[4,600]","[900,1200]",
7,48,0,"[4,600]","[900,1200]",
7,49,0,"[4,0]","[2130,1425]",
7,50,0,"[4,600]","[900,1200]",
7,51,0,"[4,500]","[1500,2000]",
7,52,0,"[4,0]","[2130,1425]",
7,53,0,"[4,0]","[2130,1425]",
7,54,0,"[4,0]","[2130,1425]",
7,55,0,"[4,0]","[2130,1425]",
7,56,0,"[4,600]","[900,1200]",
7,57,0,"[4,0]","[2130,1425]",
7,58,0,"[4,400]","[2000,3000]",
7,59,0,"[4,0]","[2130,1425]",
7,60,0,"[4,0]","[2130,1425]",
7,61,0,"[4,0]","[2130,1425]",
7,62,0,"[4,600]","[900,1200]",
7,63,0,"[4,0]","[2130,1425]",
7,64,0,"[4,0]","[2130,1425]",
7,65,0,"[4,300]","[3000,4000]",
7,66,0,"[4,0]","[2130,1425]",
7,67,0,"[4,0]","[2130,1425]",
7,68,0,"[4,600]","[900,1200]",
7,69,0,"[4,0]","[2130,1425]",
7,70,0,"[4,0]","[2130,1425]",
7,71,0,"[4,0]","[2130,1425]",
7,72,0,"[4,200]","[6000,6000]",
7,73,0,"[4,1000]","[300,372]",
7,74,0,"[4,0]","[2130,1425]",
7,75,0,"[4,500]","[1500,2000]",
7,76,0,"[4,0]","[2130,1425]",
7,77,0,"[4,0]","[2130,1425]",
7,78,0,"[4,0]","[2130,1425]",
7,79,0,"[4,0]","[2130,1425]",
7,80,0,"[4,600]","[900,1200]",
7,81,0,"[4,500]","[1500,2000]",
7,82,0,"[4,0]","[2130,1425]",
7,83,0,"[4,0]","[2130,1425]",
7,84,0,"[4,0]","[2130,1425]",
7,85,0,"[4,500]","[1500,2000]",
7,86,0,"[4,500]","[1500,2000]",
7,87,0,"[4,5000]","[3,450]",
7,88,0,"[4,500]","[1500,2000]",
7,89,0,"[4,500]","[1500,2000]",
7,90,0,"[4,500]","[1500,2000]",
7,91,0,"[4,0]","[2130,1425]",
7,92,0,"[4,0]","[2130,1425]",
7,93,0,"[4,500]","[1500,2000]",
7,94,0,"[4,400]","[2000,3000]",
7,95,0,"[4,0]","[2130,1425]",
7,96,0,"[4,0]","[2130,1425]",
7,97,0,"[4,0]","[2130,1425]",
7,98,0,"[4,0]","[2130,1425]",
7,99,0,"[4,500]","[1500,2000]",
7,100,0,"[4,0]","[2130,1425]",
7,101,0,"[4,300]","[3000,4000]",
7,102,0,"[4,0]","[2130,1425]",
7,103,0,"[4,0]","[2130,1425]",
7,104,0,"[4,0]","[2130,1425]",
7,105,0,"[4,500]","[1500,2000]",
7,106,0,"[4,0]","[2130,1425]",
7,107,0,"[4,0]","[2130,1425]",
7,108,0,"[4,200]","[6000,6000]",
7,109,0,"[4,1000]","[300,372]",
7,110,0,"[4,0]","[2130,1425]",
7,111,0,"[4,0]","[2130,1425]",
7,112,0,"[4,400]","[2000,3000]",
7,113,0,"[4,0]","[2130,1425]",
7,114,0,"[4,0]","[2130,1425]",
7,115,0,"[4,0]","[2130,1425]",
7,116,0,"[4,600]","[900,1200]",
7,117,0,"[4,0]","[2130,1425]",
7,118,0,"[4,400]","[2000,3000]",
7,119,0,"[4,0]","[2130,1425]",
7,120,0,"[4,0]","[2130,1425]",
7,121,0,"[4,0]","[2130,1425]",
7,122,0,"[4,0]","[2130,1425]",
7,123,0,"[4,500]","[1500,2000]",
7,124,0,"[4,400]","[2000,3000]",
7,125,0,"[4,0]","[2130,1425]",
7,126,0,"[4,0]","[2130,1425]",
7,127,0,"[4,400]","[2000,3000]",
7,128,0,"[4,400]","[2000,3000]",
7,129,0,"[4,400]","[2000,3000]",
7,130,0,"[4,4000]","[72,600]",
7,131,0,"[4,400]","[2000,3000]",
7,132,0,"[4,400]","[2000,3000]",
7,133,0,"[4,0]","[2130,1425]",
7,134,0,"[4,0]","[2130,1425]",
7,135,0,"[4,0]","[2130,1425]",
7,136,0,"[4,400]","[2000,3000]",
7,137,0,"[4,300]","[3000,4000]",
7,138,0,"[4,0]","[2130,1425]",
7,139,0,"[4,0]","[2130,1425]",
7,140,0,"[4,0]","[2130,1425]",
7,141,0,"[4,0]","[2130,1425]",
7,142,0,"[4,400]","[2000,3000]",
7,143,0,"[4,0]","[2130,1425]",
7,144,0,"[4,200]","[6000,6000]",
7,145,0,"[4,1000]","[300,372]",
7,146,0,"[4,0]","[2130,1425]",
7,147,0,"[4,0]","[2130,1425]",
7,148,0,"[4,0]","[2130,1425]",
7,149,0,"[4,300]","[3000,4000]",
7,150,0,"[4,0]","[2130,1425]",
7,151,0,"[4,0]","[2130,1425]",
7,152,0,"[4,600]","[900,1200]",
7,153,0,"[4,0]","[2130,1425]",
7,154,0,"[4,0]","[2130,1425]",
7,155,0,"[4,300]","[3000,4000]",
7,156,0,"[4,0]","[2130,1425]",
7,157,0,"[4,0]","[2130,1425]",
7,158,0,"[4,0]","[2130,1425]",
7,159,0,"[4,500]","[1500,2000]",
7,160,0,"[4,0]","[2130,1425]",
7,161,0,"[4,300]","[3000,4000]",
7,162,0,"[4,0]","[2130,1425]",
7,163,0,"[4,0]","[2130,1425]",
7,164,0,"[4,0]","[2130,1425]",
7,165,0,"[4,0]","[2130,1425]",
7,166,0,"[4,400]","[2000,3000]",
7,167,0,"[4,300]","[3000,4000]",
7,168,0,"[4,0]","[2130,1425]",
7,169,0,"[4,300]","[3000,4000]",
7,170,0,"[4,300]","[3000,4000]",
7,171,0,"[4,300]","[3000,4000]",
7,172,0,"[4,300]","[3000,4000]",
7,173,0,"[4,3000]","[600,1200]",
7,174,0,"[4,300]","[3000,4000]",
7,175,0,"[4,0]","[2130,1425]",
7,176,0,"[4,0]","[2130,1425]",
7,177,0,"[4,0]","[2130,1425]",
7,178,0,"[4,0]","[2130,1425]",
7,179,0,"[4,300]","[3000,4000]",
7,180,0,"[4,200]","[6000,6000]",
7,181,0,"[4,1000]","[300,372]",
7,182,0,"[4,0]","[2130,1425]",
7,183,0,"[4,0]","[2130,1425]",
7,184,0,"[4,0]","[2130,1425]",
7,185,0,"[4,0]","[2130,1425]",
7,186,0,"[4,200]","[6000,6000]",
7,187,0,"[4,0]","[2130,1425]",
7,188,0,"[4,600]","[900,1200]",
7,189,0,"[4,0]","[2130,1425]",
7,190,0,"[4,0]","[2130,1425]",
7,191,0,"[4,0]","[2130,1425]",
7,192,0,"[4,200]","[6000,6000]",
7,193,0,"[4,0]","[2130,1425]",
7,194,0,"[4,0]","[2130,1425]",
7,195,0,"[4,500]","[1500,2000]",
7,196,0,"[4,0]","[2130,1425]",
7,197,0,"[4,0]","[2130,1425]",
7,198,0,"[4,200]","[6000,6000]",
7,199,0,"[4,0]","[2130,1425]",
7,200,0,"[4,0]","[2130,1425]",
7,201,0,"[4,0]","[2130,1425]",
7,202,0,"[4,400]","[2000,3000]",
7,203,0,"[4,0]","[2130,1425]",
7,204,0,"[4,200]","[6000,6000]",
7,205,0,"[4,0]","[2130,1425]",
7,206,0,"[4,0]","[2130,1425]",
7,207,0,"[4,0]","[2130,1425]",
7,208,0,"[4,0]","[2130,1425]",
7,209,0,"[4,300]","[3000,4000]",
7,210,0,"[4,200]","[6000,6000]",
7,211,0,"[4,200]","[6000,6000]",
7,212,0,"[4,200]","[6000,6000]",
7,213,0,"[4,200]","[6000,6000]",
7,214,0,"[4,200]","[6000,6000]",
7,215,0,"[4,200]","[6000,6000]",
7,216,0,"[4,2000]","[2400,3000]",
